-- Insert data into jurusans
INSERT INTO jurusans (id, name) VALUES (1, 'English as a foreign language teacher');
INSERT INTO jurusans (id, name) VALUES (2, 'Location manager');
INSERT INTO jurusans (id, name) VALUES (3, 'Associate Professor');
INSERT INTO jurusans (id, name) VALUES (4, 'Training and development officer');
INSERT INTO jurusans (id, name) VALUES (5, 'Contractor');
INSERT INTO jurusans (id, name) VALUES (6, 'Public affairs consultant');
INSERT INTO jurusans (id, name) VALUES (7, 'Travel agency manager');
INSERT INTO jurusans (id, name) VALUES (8, 'Textile designer');
INSERT INTO jurusans (id, name) VALUES (9, 'Therapist, occupational');
INSERT INTO jurusans (id, name) VALUES (10, 'Conservator, museum/gallery');

-- Insert data into ortus
INSERT INTO ortus (id, no_telepon, nama_ayah, nama_ibu, pekerjaan_ayah, pekerjaan_ibu) VALUES (1, '948.546.0489x895', 'Drew Brady', 'Alyssa Guzman', 'Administrator, sports', 'Physiotherapist');
INSERT INTO ortus (id, no_telepon, nama_ayah, nama_ibu, pekerjaan_ayah, pekerjaan_ibu) VALUES (2, '(064)240-4382x5323', 'Michael Dunn', 'Jennifer Knight', 'Broadcast presenter', 'Engineer, aeronautical');
INSERT INTO ortus (id, no_telepon, nama_ayah, nama_ibu, pekerjaan_ayah, pekerjaan_ibu) VALUES (3, '1241570961', 'Martin Hammond', 'Joanna Smith', 'Prison officer', 'Network engineer');
INSERT INTO ortus (id, no_telepon, nama_ayah, nama_ibu, pekerjaan_ayah, pekerjaan_ibu) VALUES (4, '604-474-8122x66443', 'Eric Bowman', 'Michelle Johns', 'Copy', 'Personal assistant');
INSERT INTO ortus (id, no_telepon, nama_ayah, nama_ibu, pekerjaan_ayah, pekerjaan_ibu) VALUES (5, '001-062-398-0574x847', 'Michael Shaw', 'Taylor Brown', 'Automotive engineer', 'Nurse, adult');
INSERT INTO ortus (id, no_telepon, nama_ayah, nama_ibu, pekerjaan_ayah, pekerjaan_ibu) VALUES (6, '3755334613', 'Anthony Collins', 'Diane Valdez', 'Production manager', 'Surveyor, hydrographic');
INSERT INTO ortus (id, no_telepon, nama_ayah, nama_ibu, pekerjaan_ayah, pekerjaan_ibu) VALUES (7, '094.566.8507', 'Matthew Pace', 'Rachel Ramos', 'Corporate treasurer', 'General practice doctor');
INSERT INTO ortus (id, no_telepon, nama_ayah, nama_ibu, pekerjaan_ayah, pekerjaan_ibu) VALUES (8, '025.933.2893x2513', 'Dustin Lara', 'Mrs. Jennifer Warren', 'Risk manager', 'Drilling engineer');
INSERT INTO ortus (id, no_telepon, nama_ayah, nama_ibu, pekerjaan_ayah, pekerjaan_ibu) VALUES (9, '001-288-961-0313x27316', 'Adam Horn', 'Stephanie Giles', 'Scientist, product/process development', 'Surveyor, building control');
INSERT INTO ortus (id, no_telepon, nama_ayah, nama_ibu, pekerjaan_ayah, pekerjaan_ibu) VALUES (10, '032-989-6225x751', 'Benjamin Moses', 'Lori Zimmerman', 'Dealer', 'Scientist, water quality');
INSERT INTO ortus (id, no_telepon, nama_ayah, nama_ibu, pekerjaan_ayah, pekerjaan_ibu) VALUES (11, '(552)842-1636x932', 'Michael Harris', 'Patricia Novak', 'Animal technologist', 'Museum education officer');
INSERT INTO ortus (id, no_telepon, nama_ayah, nama_ibu, pekerjaan_ayah, pekerjaan_ibu) VALUES (12, '+1-136-174-3031x3176', 'Daniel Martin', 'Megan Valenzuela', 'Solicitor, Scotland', 'Geologist, engineering');
INSERT INTO ortus (id, no_telepon, nama_ayah, nama_ibu, pekerjaan_ayah, pekerjaan_ibu) VALUES (13, '001-832-274-6346x63205', 'John Jennings', 'Whitney Becker', 'Furniture conservator/restorer', 'Commissioning editor');
INSERT INTO ortus (id, no_telepon, nama_ayah, nama_ibu, pekerjaan_ayah, pekerjaan_ibu) VALUES (14, '876-237-3102', 'Derrick Fitzgerald', 'Amanda Phillips', 'International aid/development worker', 'Facilities manager');
INSERT INTO ortus (id, no_telepon, nama_ayah, nama_ibu, pekerjaan_ayah, pekerjaan_ibu) VALUES (15, '001-709-888-9313x619', 'Thomas Davis', 'Angela Simmons', 'Environmental consultant', 'Nutritional therapist');

-- Insert data into siswas
INSERT INTO siswas (id, nisn, nik, tempat_lahir, tanggal_lahir, jenis_kelamin, agama, alamat_lengkap, no_telepon, asal_sekolah, ortu_id, jurusan_id, created_at) VALUES (1, '8068837413', '7329119934919365', 'North Davidville', '2011-11-26', 0, 'Buddha', '976 Chang Coves
Lake Robertohaven, NE 24686', '+1-628-616-9215x71628', 'Blankenship, Castillo and Perez', 11, 2, '2025-01-04T10:04:12');
INSERT INTO siswas (id, nisn, nik, tempat_lahir, tanggal_lahir, jenis_kelamin, agama, alamat_lengkap, no_telepon, asal_sekolah, ortu_id, jurusan_id, created_at) VALUES (2, '2717456317', '9415083237551103', 'Georgeshire', '2014-12-11', 0, 'Islam', '9380 Ryan Knoll
East Erinhaven, NJ 57383', '9174024863', 'Brown Ltd', 14, 5, '2025-01-04T23:23:59');
INSERT INTO siswas (id, nisn, nik, tempat_lahir, tanggal_lahir, jenis_kelamin, agama, alamat_lengkap, no_telepon, asal_sekolah, ortu_id, jurusan_id, created_at) VALUES (3, '1059297543', '2604665464822984', 'East Joanna', '2014-05-20', 1, 'Kristen', '82039 White Course
Ramirezfort, OH 74848', '(516)558-3107x56053', 'Wade and Sons', 15, 2, '2025-01-05T06:58:48');
INSERT INTO siswas (id, nisn, nik, tempat_lahir, tanggal_lahir, jenis_kelamin, agama, alamat_lengkap, no_telepon, asal_sekolah, ortu_id, jurusan_id, created_at) VALUES (4, '7196571128', '4159991833889299', 'East Tanyahaven', '2017-06-17', 1, 'Katolik', '876 Moore Cliffs Apt. 436
Farleyland, MN 79470', '050.470.8000', 'Gibson, Duncan and Johnson', 3, 1, '2025-01-03T11:52:54');
INSERT INTO siswas (id, nisn, nik, tempat_lahir, tanggal_lahir, jenis_kelamin, agama, alamat_lengkap, no_telepon, asal_sekolah, ortu_id, jurusan_id, created_at) VALUES (5, '1097106118', '4807644109669711', 'Yorkfurt', '2017-03-09', 0, 'Katolik', '704 Young Mews
East Courtney, AR 81841', '195-824-4900', 'Burnett-Jones', 15, 10, '2025-01-01T15:05:47');
INSERT INTO siswas (id, nisn, nik, tempat_lahir, tanggal_lahir, jenis_kelamin, agama, alamat_lengkap, no_telepon, asal_sekolah, ortu_id, jurusan_id, created_at) VALUES (6, '6552885786', '3191653983213753', 'New Ryanberg', '2018-07-25', 0, 'Buddha', '64721 Mccarthy Views
Rogershire, HI 96414', '677-905-3993x2411', 'Myers-Benjamin', 12, 3, '2025-01-03T00:45:13');
INSERT INTO siswas (id, nisn, nik, tempat_lahir, tanggal_lahir, jenis_kelamin, agama, alamat_lengkap, no_telepon, asal_sekolah, ortu_id, jurusan_id, created_at) VALUES (7, '5617050212', '6307242086750910', 'Bishopfurt', '2016-03-20', 1, 'Konghucu', '61567 Carolyn Corner Suite 411
New Anafurt, CA 11845', '336-127-5276', 'Ortega Group', 7, 10, '2025-01-01T02:02:01');
INSERT INTO siswas (id, nisn, nik, tempat_lahir, tanggal_lahir, jenis_kelamin, agama, alamat_lengkap, no_telepon, asal_sekolah, ortu_id, jurusan_id, created_at) VALUES (8, '4249407837', '3445288869512705', 'Jenniferhaven', '2014-05-10', 1, 'Buddha', '791 Scott Rue Apt. 646
Lake Patrick, CO 73222', '(055)991-2904', 'Sharp, Donovan and Robinson', 13, 6, '2025-01-03T06:26:20');
INSERT INTO siswas (id, nisn, nik, tempat_lahir, tanggal_lahir, jenis_kelamin, agama, alamat_lengkap, no_telepon, asal_sekolah, ortu_id, jurusan_id, created_at) VALUES (9, '8918656926', '3603333714865894', 'Millsside', '2013-09-11', 0, 'Katolik', '962 Kristin Village
Nicholasburgh, MD 14860', '953.171.1164', 'Small-Larsen', 1, 7, '2025-01-02T10:47:26');
INSERT INTO siswas (id, nisn, nik, tempat_lahir, tanggal_lahir, jenis_kelamin, agama, alamat_lengkap, no_telepon, asal_sekolah, ortu_id, jurusan_id, created_at) VALUES (10, '3928731983', '7511980065249275', 'Josephmouth', '2012-07-15', 0, 'Konghucu', '2216 Rivera Creek Suite 277
Randallstad, IN 53917', '046.345.5329x0573', 'Bryant-Martinez', 8, 10, '2025-01-04T02:54:43');
INSERT INTO siswas (id, nisn, nik, tempat_lahir, tanggal_lahir, jenis_kelamin, agama, alamat_lengkap, no_telepon, asal_sekolah, ortu_id, jurusan_id, created_at) VALUES (11, '6260505203', '5692772773987534', 'South Lisa', '2009-10-28', 1, 'Katolik', '8069 Chavez Throughway Suite 483
South Aaronhaven, KS 18045', '001-802-660-8990x335', 'Lloyd Inc', 6, 2, '2025-01-01T01:26:47');
INSERT INTO siswas (id, nisn, nik, tempat_lahir, tanggal_lahir, jenis_kelamin, agama, alamat_lengkap, no_telepon, asal_sekolah, ortu_id, jurusan_id, created_at) VALUES (12, '9842712112', '8326166452729814', 'Lake Jamie', '2014-02-28', 1, 'Buddha', 'USCGC Reynolds
FPO AE 83243', '253.233.2451x63200', 'Morgan, Chase and Lewis', 13, 4, '2025-01-03T17:09:59');
INSERT INTO siswas (id, nisn, nik, tempat_lahir, tanggal_lahir, jenis_kelamin, agama, alamat_lengkap, no_telepon, asal_sekolah, ortu_id, jurusan_id, created_at) VALUES (13, '1421180897', '2576478897336691', 'Finleyfort', '2013-12-15', 1, 'Konghucu', '16992 Marc Divide
New Justinhaven, OK 45376', '001-593-259-2153x096', 'Sawyer, Rich and Knight', 6, 5, '2025-01-05T17:53:52');
INSERT INTO siswas (id, nisn, nik, tempat_lahir, tanggal_lahir, jenis_kelamin, agama, alamat_lengkap, no_telepon, asal_sekolah, ortu_id, jurusan_id, created_at) VALUES (14, '5678553353', '9857359984708387', 'Georgeton', '2011-12-02', 0, 'Buddha', '95402 Bell Land Suite 826
Kathleentown, IN 76861', '071-845-1180', 'Gibson, Reid and Peterson', 11, 10, '2025-01-02T23:01:12');
INSERT INTO siswas (id, nisn, nik, tempat_lahir, tanggal_lahir, jenis_kelamin, agama, alamat_lengkap, no_telepon, asal_sekolah, ortu_id, jurusan_id, created_at) VALUES (15, '8112426534', '8671426653036768', 'New Michael', '2015-11-08', 0, 'Hindu', '5611 Alexandra Mountains
Lake Cindy, FL 40001', '(420)815-9343x277', 'Bautista Ltd', 13, 2, '2025-01-01T03:12:22');
INSERT INTO siswas (id, nisn, nik, tempat_lahir, tanggal_lahir, jenis_kelamin, agama, alamat_lengkap, no_telepon, asal_sekolah, ortu_id, jurusan_id, created_at) VALUES (16, '9418507012', '8118909972458797', 'North Raymondstad', '2006-01-30', 0, 'Buddha', '418 Harris Via
Jeffersonfurt, OH 08877', '001-530-964-1517', 'Mitchell Inc', 10, 4, '2025-01-04T10:45:17');
INSERT INTO siswas (id, nisn, nik, tempat_lahir, tanggal_lahir, jenis_kelamin, agama, alamat_lengkap, no_telepon, asal_sekolah, ortu_id, jurusan_id, created_at) VALUES (17, '4282148737', '8188185569188207', 'Kathleenfurt', '2006-11-19', 1, 'Hindu', '83434 Robert Flat Suite 580
Christinastad, MS 93070', '774-879-2619x395', 'Miller Inc', 1, 3, '2025-01-04T14:51:13');
INSERT INTO siswas (id, nisn, nik, tempat_lahir, tanggal_lahir, jenis_kelamin, agama, alamat_lengkap, no_telepon, asal_sekolah, ortu_id, jurusan_id, created_at) VALUES (18, '2583660212', '6641576611869960', 'Allenland', '2011-07-27', 1, 'Katolik', '06461 Richard Ranch
West Ashley, MO 50986', '(555)018-5059x23298', 'Hunt-Jones', 9, 9, '2025-01-05T03:33:08');
INSERT INTO siswas (id, nisn, nik, tempat_lahir, tanggal_lahir, jenis_kelamin, agama, alamat_lengkap, no_telepon, asal_sekolah, ortu_id, jurusan_id, created_at) VALUES (19, '6048440853', '1392773369446939', 'East Courtney', '2016-11-09', 1, 'Islam', '12248 Emily Pine Suite 854
Wardton, NC 23813', '269.838.9392x76444', 'Bender, Sheppard and Tyler', 5, 2, '2025-01-03T10:47:50');
INSERT INTO siswas (id, nisn, nik, tempat_lahir, tanggal_lahir, jenis_kelamin, agama, alamat_lengkap, no_telepon, asal_sekolah, ortu_id, jurusan_id, created_at) VALUES (20, '5347036914', '4819287813217039', 'Boyerstad', '2018-06-21', 0, 'Buddha', '111 Cunningham Overpass Apt. 732
Pearsonville, UT 17353', '001-492-025-2491x218', 'Young, Marsh and Day', 8, 10, '2025-01-02T19:36:22');
INSERT INTO siswas (id, nisn, nik, tempat_lahir, tanggal_lahir, jenis_kelamin, agama, alamat_lengkap, no_telepon, asal_sekolah, ortu_id, jurusan_id, created_at) VALUES (21, '1062906865', '9616513367193639', 'Webbtown', '2016-07-30', 1, 'Buddha', '251 Amanda Walk Suite 045
Lake Jonathan, VA 34453', '7867824901', 'Jacobs Ltd', 10, 6, '2025-01-03T01:19:55');
INSERT INTO siswas (id, nisn, nik, tempat_lahir, tanggal_lahir, jenis_kelamin, agama, alamat_lengkap, no_telepon, asal_sekolah, ortu_id, jurusan_id, created_at) VALUES (22, '4064580443', '2655450099360644', 'New Nicole', '2015-01-08', 1, 'Buddha', '3407 Jenkins Garden
Vincentport, NY 78574', '+1-735-288-2682x877', 'Brown PLC', 1, 9, '2025-01-03T12:40:17');
INSERT INTO siswas (id, nisn, nik, tempat_lahir, tanggal_lahir, jenis_kelamin, agama, alamat_lengkap, no_telepon, asal_sekolah, ortu_id, jurusan_id, created_at) VALUES (23, '4361958991', '2167187917496326', 'Oneilltown', '2017-12-09', 1, 'Hindu', '18559 Kimberly Creek
Collinstad, NC 27730', '+1-712-202-3680x29272', 'Forbes Ltd', 2, 6, '2025-01-01T14:45:12');
INSERT INTO siswas (id, nisn, nik, tempat_lahir, tanggal_lahir, jenis_kelamin, agama, alamat_lengkap, no_telepon, asal_sekolah, ortu_id, jurusan_id, created_at) VALUES (24, '9173633984', '3164458653715268', 'Moranview', '2006-06-11', 1, 'Kristen', '071 Mcclain Circles
Brandyport, WV 46711', '(593)759-5635x5842', 'Miller-Lopez', 7, 5, '2025-01-05T20:13:32');
INSERT INTO siswas (id, nisn, nik, tempat_lahir, tanggal_lahir, jenis_kelamin, agama, alamat_lengkap, no_telepon, asal_sekolah, ortu_id, jurusan_id, created_at) VALUES (25, '5907446092', '3722643437747197', 'West Michaelstad', '2009-04-04', 1, 'Buddha', '9061 Price Ford Apt. 937
Huntshire, MI 05845', '019-050-2732x33998', 'Cuevas Group', 14, 9, '2025-01-01T20:39:02');
INSERT INTO siswas (id, nisn, nik, tempat_lahir, tanggal_lahir, jenis_kelamin, agama, alamat_lengkap, no_telepon, asal_sekolah, ortu_id, jurusan_id, created_at) VALUES (26, '3822926812', '8502592340506876', 'Rhodeston', '2010-05-25', 1, 'Hindu', '955 Jared Walk Suite 127
Lake Wanda, DC 67095', '1104139533', 'Henry-Hartman', 13, 10, '2025-01-02T08:14:19');
INSERT INTO siswas (id, nisn, nik, tempat_lahir, tanggal_lahir, jenis_kelamin, agama, alamat_lengkap, no_telepon, asal_sekolah, ortu_id, jurusan_id, created_at) VALUES (27, '5755724910', '9941045321599870', 'Paulland', '2010-10-14', 0, 'Islam', '56979 Williams Roads Apt. 234
Greenside, IA 42761', '+1-991-802-5914x87553', 'Holmes-Franco', 11, 2, '2025-01-04T15:55:18');
INSERT INTO siswas (id, nisn, nik, tempat_lahir, tanggal_lahir, jenis_kelamin, agama, alamat_lengkap, no_telepon, asal_sekolah, ortu_id, jurusan_id, created_at) VALUES (28, '9303230253', '4203659121105224', 'East Sarah', '2010-03-17', 0, 'Islam', '735 David Inlet Apt. 381
Lake Christine, MD 12379', '425-653-4058x775', 'Costa, Patterson and Huff', 8, 7, '2025-01-04T19:52:03');
INSERT INTO siswas (id, nisn, nik, tempat_lahir, tanggal_lahir, jenis_kelamin, agama, alamat_lengkap, no_telepon, asal_sekolah, ortu_id, jurusan_id, created_at) VALUES (29, '4028027964', '8155942661656257', 'Katherineborough', '2011-03-13', 1, 'Katolik', 'Unit 7038 Box 7642
DPO AE 39158', '+1-489-070-9234x468', 'Bennett Ltd', 4, 5, '2025-01-03T22:11:47');
INSERT INTO siswas (id, nisn, nik, tempat_lahir, tanggal_lahir, jenis_kelamin, agama, alamat_lengkap, no_telepon, asal_sekolah, ortu_id, jurusan_id, created_at) VALUES (30, '2613914555', '1569984325220168', 'Potterland', '2008-10-16', 1, 'Katolik', 'USS Oconnell
FPO AE 68193', '001-614-822-8979', 'Wu-Davis', 12, 1, '2025-01-02T07:06:44');
INSERT INTO siswas (id, nisn, nik, tempat_lahir, tanggal_lahir, jenis_kelamin, agama, alamat_lengkap, no_telepon, asal_sekolah, ortu_id, jurusan_id, created_at) VALUES (31, '6503214254', '4808730412155006', 'East Alfredton', '2010-01-15', 1, 'Konghucu', '837 Brooks Island Apt. 374
Charlesland, NC 05595', '(217)860-2732x354', 'Roberts and Sons', 14, 6, '2025-01-03T11:20:10');
INSERT INTO siswas (id, nisn, nik, tempat_lahir, tanggal_lahir, jenis_kelamin, agama, alamat_lengkap, no_telepon, asal_sekolah, ortu_id, jurusan_id, created_at) VALUES (32, '5179507271', '3054079961445348', 'Meyertown', '2009-01-04', 0, 'Islam', '55702 Antonio Groves Apt. 988
North Kenneth, HI 74762', '488.549.5079x0343', 'Hill, Williams and Phillips', 15, 3, '2025-01-04T14:58:21');
INSERT INTO siswas (id, nisn, nik, tempat_lahir, tanggal_lahir, jenis_kelamin, agama, alamat_lengkap, no_telepon, asal_sekolah, ortu_id, jurusan_id, created_at) VALUES (33, '1881013152', '7677299517721737', 'Stuartshire', '2014-05-09', 1, 'Konghucu', '377 Kevin Wall
Andersonside, NY 32680', '185.888.9848', 'Hayes-Johns', 10, 7, '2025-01-03T01:25:35');
INSERT INTO siswas (id, nisn, nik, tempat_lahir, tanggal_lahir, jenis_kelamin, agama, alamat_lengkap, no_telepon, asal_sekolah, ortu_id, jurusan_id, created_at) VALUES (34, '5283183864', '8553174918099329', 'Adamburgh', '2010-05-16', 1, 'Kristen', 'Unit 4025 Box 6871
DPO AA 30377', '001-451-276-0421x940', 'Clark, Shelton and Rogers', 9, 10, '2025-01-06T03:37:57');
INSERT INTO siswas (id, nisn, nik, tempat_lahir, tanggal_lahir, jenis_kelamin, agama, alamat_lengkap, no_telepon, asal_sekolah, ortu_id, jurusan_id, created_at) VALUES (35, '8692120617', '4235810403131328', 'East Mckenzietown', '2013-01-29', 1, 'Buddha', '45596 Everett Turnpike
Johnsonside, HI 04142', '(240)751-5022', 'Payne-Caldwell', 15, 5, '2025-01-03T10:27:55');
INSERT INTO siswas (id, nisn, nik, tempat_lahir, tanggal_lahir, jenis_kelamin, agama, alamat_lengkap, no_telepon, asal_sekolah, ortu_id, jurusan_id, created_at) VALUES (36, '6715166723', '2774875909713478', 'Lake Gail', '2010-09-26', 1, 'Katolik', '4092 Chad Bypass
New Jacqueline, RI 13482', '(708)257-8671x966', 'Bennett, Davenport and Waters', 9, 1, '2025-01-05T18:16:18');
INSERT INTO siswas (id, nisn, nik, tempat_lahir, tanggal_lahir, jenis_kelamin, agama, alamat_lengkap, no_telepon, asal_sekolah, ortu_id, jurusan_id, created_at) VALUES (37, '6472093112', '9315832207927361', 'Lisamouth', '2008-08-05', 1, 'Katolik', '421 Derrick Springs Apt. 259
Angelaland, IA 75445', '746.468.3393x7769', 'Cunningham, Wilson and Duncan', 11, 9, '2025-01-01T18:41:06');
INSERT INTO siswas (id, nisn, nik, tempat_lahir, tanggal_lahir, jenis_kelamin, agama, alamat_lengkap, no_telepon, asal_sekolah, ortu_id, jurusan_id, created_at) VALUES (38, '7357992569', '3101263469948075', 'East Ryanville', '2010-07-15', 1, 'Islam', '7916 Spencer Falls
South James, MD 34507', '2413056325', 'Brown Ltd', 3, 1, '2025-01-05T08:03:50');
INSERT INTO siswas (id, nisn, nik, tempat_lahir, tanggal_lahir, jenis_kelamin, agama, alamat_lengkap, no_telepon, asal_sekolah, ortu_id, jurusan_id, created_at) VALUES (39, '7708823781', '3498809999727605', 'Lake Steven', '2018-04-18', 0, 'Buddha', '0910 Johnston Land Suite 096
Garciafurt, TN 07111', '030-424-1011x88848', 'Downs-Santos', 15, 3, '2025-01-05T03:55:02');
INSERT INTO siswas (id, nisn, nik, tempat_lahir, tanggal_lahir, jenis_kelamin, agama, alamat_lengkap, no_telepon, asal_sekolah, ortu_id, jurusan_id, created_at) VALUES (40, '7151490508', '3683016305071107', 'Port Lauren', '2011-07-06', 1, 'Katolik', '008 Hughes Cape Apt. 922
Brandonbury, IL 62189', '+1-387-709-8648x6674', 'Francis and Sons', 8, 2, '2025-01-01T07:20:27');
INSERT INTO siswas (id, nisn, nik, tempat_lahir, tanggal_lahir, jenis_kelamin, agama, alamat_lengkap, no_telepon, asal_sekolah, ortu_id, jurusan_id, created_at) VALUES (41, '6747268709', '4539944267796169', 'West Carmenfurt', '2008-07-11', 0, 'Konghucu', '3124 Lara Pike
South Amymouth, MS 83361', '042-252-5562x087', 'Jones, Graham and Parker', 14, 7, '2025-01-01T13:54:58');
INSERT INTO siswas (id, nisn, nik, tempat_lahir, tanggal_lahir, jenis_kelamin, agama, alamat_lengkap, no_telepon, asal_sekolah, ortu_id, jurusan_id, created_at) VALUES (42, '5304218816', '3699938928503502', 'Melaniemouth', '2015-02-21', 1, 'Buddha', '03343 Kari Wall Apt. 582
Harrellmouth, MT 26613', '(197)903-5978x0616', 'Anderson Ltd', 5, 1, '2025-01-01T04:08:33');
INSERT INTO siswas (id, nisn, nik, tempat_lahir, tanggal_lahir, jenis_kelamin, agama, alamat_lengkap, no_telepon, asal_sekolah, ortu_id, jurusan_id, created_at) VALUES (43, '1733692181', '4946261113406956', 'Henrymouth', '2018-03-31', 1, 'Kristen', 'PSC 8047, Box 0072
APO AE 68686', '887.828.5692x283', 'Hall-Simmons', 5, 1, '2025-01-03T23:56:17');
INSERT INTO siswas (id, nisn, nik, tempat_lahir, tanggal_lahir, jenis_kelamin, agama, alamat_lengkap, no_telepon, asal_sekolah, ortu_id, jurusan_id, created_at) VALUES (44, '1052481139', '9144583410338149', 'Josephhaven', '2017-03-19', 0, 'Buddha', '16218 Charles Mountain Suite 779
Samanthaland, OR 47170', '001-773-207-6712x0330', 'Martinez, Jones and Duke', 7, 7, '2025-01-04T02:12:19');
INSERT INTO siswas (id, nisn, nik, tempat_lahir, tanggal_lahir, jenis_kelamin, agama, alamat_lengkap, no_telepon, asal_sekolah, ortu_id, jurusan_id, created_at) VALUES (45, '4960838335', '5319395415021838', 'Stephensport', '2006-09-04', 0, 'Katolik', '4504 Jacob Prairie
Benjaminfurt, MS 89635', '001-463-768-3255x1820', 'Wheeler LLC', 2, 6, '2025-01-03T00:20:55');
INSERT INTO siswas (id, nisn, nik, tempat_lahir, tanggal_lahir, jenis_kelamin, agama, alamat_lengkap, no_telepon, asal_sekolah, ortu_id, jurusan_id, created_at) VALUES (46, '5475246967', '7516668164294862', 'Davisberg', '2010-05-13', 1, 'Konghucu', '26807 Lee Stravenue
East Barbaratown, KS 85570', '+1-730-131-0494x50254', 'Sharp, Hall and Maldonado', 8, 1, '2025-01-04T03:22:25');
INSERT INTO siswas (id, nisn, nik, tempat_lahir, tanggal_lahir, jenis_kelamin, agama, alamat_lengkap, no_telepon, asal_sekolah, ortu_id, jurusan_id, created_at) VALUES (47, '4596481881', '5624795814225040', 'Davidmouth', '2014-01-31', 1, 'Buddha', '2941 Walton Prairie Suite 907
Robertville, NY 63717', '+1-234-774-5483x3331', 'Kelly-Bowen', 10, 8, '2025-01-05T15:32:05');
INSERT INTO siswas (id, nisn, nik, tempat_lahir, tanggal_lahir, jenis_kelamin, agama, alamat_lengkap, no_telepon, asal_sekolah, ortu_id, jurusan_id, created_at) VALUES (48, '9005380481', '7176613468331167', 'New Richardfort', '2009-01-28', 1, 'Katolik', '068 Tapia Crescent Apt. 452
West Saramouth, HI 21948', '629-906-4937', 'Rodriguez, Lopez and Rodriguez', 12, 6, '2025-01-05T21:13:00');
INSERT INTO siswas (id, nisn, nik, tempat_lahir, tanggal_lahir, jenis_kelamin, agama, alamat_lengkap, no_telepon, asal_sekolah, ortu_id, jurusan_id, created_at) VALUES (49, '7187389731', '1442062409506752', 'Patrickburgh', '2015-10-25', 0, 'Buddha', '532 Rogers Hill Apt. 488
South Joshua, DC 96222', '074.718.6377x72416', 'Carpenter, Evans and Hoffman', 7, 1, '2025-01-04T17:54:25');
INSERT INTO siswas (id, nisn, nik, tempat_lahir, tanggal_lahir, jenis_kelamin, agama, alamat_lengkap, no_telepon, asal_sekolah, ortu_id, jurusan_id, created_at) VALUES (50, '6002621879', '3453729701143494', 'North Wandaville', '2015-08-18', 0, 'Katolik', 'Unit 1729 Box 7053
DPO AE 75022', '612.172.0948x2946', 'Jackson-Downs', 2, 4, '2025-01-05T23:45:30');