{
    "jurusans": [
        {
            "id": 1,
            "name": "English as a foreign language teacher"
        },
        {
            "id": 2,
            "name": "Location manager"
        },
        {
            "id": 3,
            "name": "Associate Professor"
        },
        {
            "id": 4,
            "name": "Training and development officer"
        },
        {
            "id": 5,
            "name": "Contractor"
        },
        {
            "id": 6,
            "name": "Public affairs consultant"
        },
        {
            "id": 7,
            "name": "Travel agency manager"
        },
        {
            "id": 8,
            "name": "Textile designer"
        },
        {
            "id": 9,
            "name": "Therapist, occupational"
        },
        {
            "id": 10,
            "name": "Conservator, museum/gallery"
        }
    ],
    "ortus": [
        {
            "id": 1,
            "no_telepon": "948.546.0489x895",
            "nama_ayah": "Drew Brady",
            "nama_ibu": "Alyssa Guzman",
            "pekerjaan_ayah": "Administrator, sports",
            "pekerjaan_ibu": "Physiotherapist"
        },
        {
            "id": 2,
            "no_telepon": "(064)240-4382x5323",
            "nama_ayah": "Michael Dunn",
            "nama_ibu": "Jennifer Knight",
            "pekerjaan_ayah": "Broadcast presenter",
            "pekerjaan_ibu": "Engineer, aeronautical"
        },
        {
            "id": 3,
            "no_telepon": "1241570961",
            "nama_ayah": "Martin Hammond",
            "nama_ibu": "Joanna Smith",
            "pekerjaan_ayah": "Prison officer",
            "pekerjaan_ibu": "Network engineer"
        },
        {
            "id": 4,
            "no_telepon": "604-474-8122x66443",
            "nama_ayah": "Eric Bowman",
            "nama_ibu": "Michelle Johns",
            "pekerjaan_ayah": "Copy",
            "pekerjaan_ibu": "Personal assistant"
        },
        {
            "id": 5,
            "no_telepon": "001-062-398-0574x847",
            "nama_ayah": "Michael Shaw",
            "nama_ibu": "Taylor Brown",
            "pekerjaan_ayah": "Automotive engineer",
            "pekerjaan_ibu": "Nurse, adult"
        },
        {
            "id": 6,
            "no_telepon": "3755334613",
            "nama_ayah": "Anthony Collins",
            "nama_ibu": "Diane Valdez",
            "pekerjaan_ayah": "Production manager",
            "pekerjaan_ibu": "Surveyor, hydrographic"
        },
        {
            "id": 7,
            "no_telepon": "094.566.8507",
            "nama_ayah": "Matthew Pace",
            "nama_ibu": "Rachel Ramos",
            "pekerjaan_ayah": "Corporate treasurer",
            "pekerjaan_ibu": "General practice doctor"
        },
        {
            "id": 8,
            "no_telepon": "025.933.2893x2513",
            "nama_ayah": "Dustin Lara",
            "nama_ibu": "Mrs. Jennifer Warren",
            "pekerjaan_ayah": "Risk manager",
            "pekerjaan_ibu": "Drilling engineer"
        },
        {
            "id": 9,
            "no_telepon": "001-288-961-0313x27316",
            "nama_ayah": "Adam Horn",
            "nama_ibu": "Stephanie Giles",
            "pekerjaan_ayah": "Scientist, product/process development",
            "pekerjaan_ibu": "Surveyor, building control"
        },
        {
            "id": 10,
            "no_telepon": "032-989-6225x751",
            "nama_ayah": "Benjamin Moses",
            "nama_ibu": "Lori Zimmerman",
            "pekerjaan_ayah": "Dealer",
            "pekerjaan_ibu": "Scientist, water quality"
        },
        {
            "id": 11,
            "no_telepon": "(552)842-1636x932",
            "nama_ayah": "Michael Harris",
            "nama_ibu": "Patricia Novak",
            "pekerjaan_ayah": "Animal technologist",
            "pekerjaan_ibu": "Museum education officer"
        },
        {
            "id": 12,
            "no_telepon": "+1-136-174-3031x3176",
            "nama_ayah": "Daniel Martin",
            "nama_ibu": "Megan Valenzuela",
            "pekerjaan_ayah": "Solicitor, Scotland",
            "pekerjaan_ibu": "Geologist, engineering"
        },
        {
            "id": 13,
            "no_telepon": "001-832-274-6346x63205",
            "nama_ayah": "John Jennings",
            "nama_ibu": "Whitney Becker",
            "pekerjaan_ayah": "Furniture conservator/restorer",
            "pekerjaan_ibu": "Commissioning editor"
        },
        {
            "id": 14,
            "no_telepon": "876-237-3102",
            "nama_ayah": "Derrick Fitzgerald",
            "nama_ibu": "Amanda Phillips",
            "pekerjaan_ayah": "International aid/development worker",
            "pekerjaan_ibu": "Facilities manager"
        },
        {
            "id": 15,
            "no_telepon": "001-709-888-9313x619",
            "nama_ayah": "Thomas Davis",
            "nama_ibu": "Angela Simmons",
            "pekerjaan_ayah": "Environmental consultant",
            "pekerjaan_ibu": "Nutritional therapist"
        }
    ],
    "siswas": [
        {
            "id": 1,
            "nisn": 8068837413,
            "nik": 7329119934919365,
            "tempat_lahir": "North Davidville",
            "tanggal_lahir": "2011-11-26",
            "jenis_kelamin": false,
            "agama": "Buddha",
            "alamat_lengkap": "976 Chang Coves\nLake Robertohaven, NE 24686",
            "no_telepon": "+1-628-616-9215x71628",
            "asal_sekolah": "Blankenship, Castillo and Perez",
            "ortu_id": 11,
            "jurusan_id": 2,
            "created_at": "2025-01-04T10:04:12"
        },
        {
            "id": 2,
            "nisn": 2717456317,
            "nik": 9415083237551103,
            "tempat_lahir": "Georgeshire",
            "tanggal_lahir": "2014-12-11",
            "jenis_kelamin": false,
            "agama": "Islam",
            "alamat_lengkap": "9380 Ryan Knoll\nEast Erinhaven, NJ 57383",
            "no_telepon": "9174024863",
            "asal_sekolah": "Brown Ltd",
            "ortu_id": 14,
            "jurusan_id": 5,
            "created_at": "2025-01-04T23:23:59"
        },
        {
            "id": 3,
            "nisn": 1059297543,
            "nik": 2604665464822984,
            "tempat_lahir": "East Joanna",
            "tanggal_lahir": "2014-05-20",
            "jenis_kelamin": true,
            "agama": "Kristen",
            "alamat_lengkap": "82039 White Course\nRamirezfort, OH 74848",
            "no_telepon": "(516)558-3107x56053",
            "asal_sekolah": "Wade and Sons",
            "ortu_id": 15,
            "jurusan_id": 2,
            "created_at": "2025-01-05T06:58:48"
        },
        {
            "id": 4,
            "nisn": 7196571128,
            "nik": 4159991833889299,
            "tempat_lahir": "East Tanyahaven",
            "tanggal_lahir": "2017-06-17",
            "jenis_kelamin": true,
            "agama": "Katolik",
            "alamat_lengkap": "876 Moore Cliffs Apt. 436\nFarleyland, MN 79470",
            "no_telepon": "050.470.8000",
            "asal_sekolah": "Gibson, Duncan and Johnson",
            "ortu_id": 3,
            "jurusan_id": 1,
            "created_at": "2025-01-03T11:52:54"
        },
        {
            "id": 5,
            "nisn": 1097106118,
            "nik": 4807644109669711,
            "tempat_lahir": "Yorkfurt",
            "tanggal_lahir": "2017-03-09",
            "jenis_kelamin": false,
            "agama": "Katolik",
            "alamat_lengkap": "704 Young Mews\nEast Courtney, AR 81841",
            "no_telepon": "195-824-4900",
            "asal_sekolah": "Burnett-Jones",
            "ortu_id": 15,
            "jurusan_id": 10,
            "created_at": "2025-01-01T15:05:47"
        },
        {
            "id": 6,
            "nisn": 6552885786,
            "nik": 3191653983213753,
            "tempat_lahir": "New Ryanberg",
            "tanggal_lahir": "2018-07-25",
            "jenis_kelamin": false,
            "agama": "Buddha",
            "alamat_lengkap": "64721 Mccarthy Views\nRogershire, HI 96414",
            "no_telepon": "677-905-3993x2411",
            "asal_sekolah": "Myers-Benjamin",
            "ortu_id": 12,
            "jurusan_id": 3,
            "created_at": "2025-01-03T00:45:13"
        },
        {
            "id": 7,
            "nisn": 5617050212,
            "nik": 6307242086750910,
            "tempat_lahir": "Bishopfurt",
            "tanggal_lahir": "2016-03-20",
            "jenis_kelamin": true,
            "agama": "Konghucu",
            "alamat_lengkap": "61567 Carolyn Corner Suite 411\nNew Anafurt, CA 11845",
            "no_telepon": "336-127-5276",
            "asal_sekolah": "Ortega Group",
            "ortu_id": 7,
            "jurusan_id": 10,
            "created_at": "2025-01-01T02:02:01"
        },
        {
            "id": 8,
            "nisn": 4249407837,
            "nik": 3445288869512705,
            "tempat_lahir": "Jenniferhaven",
            "tanggal_lahir": "2014-05-10",
            "jenis_kelamin": true,
            "agama": "Buddha",
            "alamat_lengkap": "791 Scott Rue Apt. 646\nLake Patrick, CO 73222",
            "no_telepon": "(055)991-2904",
            "asal_sekolah": "Sharp, Donovan and Robinson",
            "ortu_id": 13,
            "jurusan_id": 6,
            "created_at": "2025-01-03T06:26:20"
        },
        {
            "id": 9,
            "nisn": 8918656926,
            "nik": 3603333714865894,
            "tempat_lahir": "Millsside",
            "tanggal_lahir": "2013-09-11",
            "jenis_kelamin": false,
            "agama": "Katolik",
            "alamat_lengkap": "962 Kristin Village\nNicholasburgh, MD 14860",
            "no_telepon": "953.171.1164",
            "asal_sekolah": "Small-Larsen",
            "ortu_id": 1,
            "jurusan_id": 7,
            "created_at": "2025-01-02T10:47:26"
        },
        {
            "id": 10,
            "nisn": 3928731983,
            "nik": 7511980065249275,
            "tempat_lahir": "Josephmouth",
            "tanggal_lahir": "2012-07-15",
            "jenis_kelamin": false,
            "agama": "Konghucu",
            "alamat_lengkap": "2216 Rivera Creek Suite 277\nRandallstad, IN 53917",
            "no_telepon": "046.345.5329x0573",
            "asal_sekolah": "Bryant-Martinez",
            "ortu_id": 8,
            "jurusan_id": 10,
            "created_at": "2025-01-04T02:54:43"
        },
        {
            "id": 11,
            "nisn": 6260505203,
            "nik": 5692772773987534,
            "tempat_lahir": "South Lisa",
            "tanggal_lahir": "2009-10-28",
            "jenis_kelamin": true,
            "agama": "Katolik",
            "alamat_lengkap": "8069 Chavez Throughway Suite 483\nSouth Aaronhaven, KS 18045",
            "no_telepon": "001-802-660-8990x335",
            "asal_sekolah": "Lloyd Inc",
            "ortu_id": 6,
            "jurusan_id": 2,
            "created_at": "2025-01-01T01:26:47"
        },
        {
            "id": 12,
            "nisn": 9842712112,
            "nik": 8326166452729814,
            "tempat_lahir": "Lake Jamie",
            "tanggal_lahir": "2014-02-28",
            "jenis_kelamin": true,
            "agama": "Buddha",
            "alamat_lengkap": "USCGC Reynolds\nFPO AE 83243",
            "no_telepon": "253.233.2451x63200",
            "asal_sekolah": "Morgan, Chase and Lewis",
            "ortu_id": 13,
            "jurusan_id": 4,
            "created_at": "2025-01-03T17:09:59"
        },
        {
            "id": 13,
            "nisn": 1421180897,
            "nik": 2576478897336691,
            "tempat_lahir": "Finleyfort",
            "tanggal_lahir": "2013-12-15",
            "jenis_kelamin": true,
            "agama": "Konghucu",
            "alamat_lengkap": "16992 Marc Divide\nNew Justinhaven, OK 45376",
            "no_telepon": "001-593-259-2153x096",
            "asal_sekolah": "Sawyer, Rich and Knight",
            "ortu_id": 6,
            "jurusan_id": 5,
            "created_at": "2025-01-05T17:53:52"
        },
        {
            "id": 14,
            "nisn": 5678553353,
            "nik": 9857359984708387,
            "tempat_lahir": "Georgeton",
            "tanggal_lahir": "2011-12-02",
            "jenis_kelamin": false,
            "agama": "Buddha",
            "alamat_lengkap": "95402 Bell Land Suite 826\nKathleentown, IN 76861",
            "no_telepon": "071-845-1180",
            "asal_sekolah": "Gibson, Reid and Peterson",
            "ortu_id": 11,
            "jurusan_id": 10,
            "created_at": "2025-01-02T23:01:12"
        },
        {
            "id": 15,
            "nisn": 8112426534,
            "nik": 8671426653036768,
            "tempat_lahir": "New Michael",
            "tanggal_lahir": "2015-11-08",
            "jenis_kelamin": false,
            "agama": "Hindu",
            "alamat_lengkap": "5611 Alexandra Mountains\nLake Cindy, FL 40001",
            "no_telepon": "(420)815-9343x277",
            "asal_sekolah": "Bautista Ltd",
            "ortu_id": 13,
            "jurusan_id": 2,
            "created_at": "2025-01-01T03:12:22"
        },
        {
            "id": 16,
            "nisn": 9418507012,
            "nik": 8118909972458797,
            "tempat_lahir": "North Raymondstad",
            "tanggal_lahir": "2006-01-30",
            "jenis_kelamin": false,
            "agama": "Buddha",
            "alamat_lengkap": "418 Harris Via\nJeffersonfurt, OH 08877",
            "no_telepon": "001-530-964-1517",
            "asal_sekolah": "Mitchell Inc",
            "ortu_id": 10,
            "jurusan_id": 4,
            "created_at": "2025-01-04T10:45:17"
        },
        {
            "id": 17,
            "nisn": 4282148737,
            "nik": 8188185569188207,
            "tempat_lahir": "Kathleenfurt",
            "tanggal_lahir": "2006-11-19",
            "jenis_kelamin": true,
            "agama": "Hindu",
            "alamat_lengkap": "83434 Robert Flat Suite 580\nChristinastad, MS 93070",
            "no_telepon": "774-879-2619x395",
            "asal_sekolah": "Miller Inc",
            "ortu_id": 1,
            "jurusan_id": 3,
            "created_at": "2025-01-04T14:51:13"
        },
        {
            "id": 18,
            "nisn": 2583660212,
            "nik": 6641576611869960,
            "tempat_lahir": "Allenland",
            "tanggal_lahir": "2011-07-27",
            "jenis_kelamin": true,
            "agama": "Katolik",
            "alamat_lengkap": "06461 Richard Ranch\nWest Ashley, MO 50986",
            "no_telepon": "(555)018-5059x23298",
            "asal_sekolah": "Hunt-Jones",
            "ortu_id": 9,
            "jurusan_id": 9,
            "created_at": "2025-01-05T03:33:08"
        },
        {
            "id": 19,
            "nisn": 6048440853,
            "nik": 1392773369446939,
            "tempat_lahir": "East Courtney",
            "tanggal_lahir": "2016-11-09",
            "jenis_kelamin": true,
            "agama": "Islam",
            "alamat_lengkap": "12248 Emily Pine Suite 854\nWardton, NC 23813",
            "no_telepon": "269.838.9392x76444",
            "asal_sekolah": "Bender, Sheppard and Tyler",
            "ortu_id": 5,
            "jurusan_id": 2,
            "created_at": "2025-01-03T10:47:50"
        },
        {
            "id": 20,
            "nisn": 5347036914,
            "nik": 4819287813217039,
            "tempat_lahir": "Boyerstad",
            "tanggal_lahir": "2018-06-21",
            "jenis_kelamin": false,
            "agama": "Buddha",
            "alamat_lengkap": "111 Cunningham Overpass Apt. 732\nPearsonville, UT 17353",
            "no_telepon": "001-492-025-2491x218",
            "asal_sekolah": "Young, Marsh and Day",
            "ortu_id": 8,
            "jurusan_id": 10,
            "created_at": "2025-01-02T19:36:22"
        },
        {
            "id": 21,
            "nisn": 1062906865,
            "nik": 9616513367193639,
            "tempat_lahir": "Webbtown",
            "tanggal_lahir": "2016-07-30",
            "jenis_kelamin": true,
            "agama": "Buddha",
            "alamat_lengkap": "251 Amanda Walk Suite 045\nLake Jonathan, VA 34453",
            "no_telepon": "7867824901",
            "asal_sekolah": "Jacobs Ltd",
            "ortu_id": 10,
            "jurusan_id": 6,
            "created_at": "2025-01-03T01:19:55"
        },
        {
            "id": 22,
            "nisn": 4064580443,
            "nik": 2655450099360644,
            "tempat_lahir": "New Nicole",
            "tanggal_lahir": "2015-01-08",
            "jenis_kelamin": true,
            "agama": "Buddha",
            "alamat_lengkap": "3407 Jenkins Garden\nVincentport, NY 78574",
            "no_telepon": "+1-735-288-2682x877",
            "asal_sekolah": "Brown PLC",
            "ortu_id": 1,
            "jurusan_id": 9,
            "created_at": "2025-01-03T12:40:17"
        },
        {
            "id": 23,
            "nisn": 4361958991,
            "nik": 2167187917496326,
            "tempat_lahir": "Oneilltown",
            "tanggal_lahir": "2017-12-09",
            "jenis_kelamin": true,
            "agama": "Hindu",
            "alamat_lengkap": "18559 Kimberly Creek\nCollinstad, NC 27730",
            "no_telepon": "+1-712-202-3680x29272",
            "asal_sekolah": "Forbes Ltd",
            "ortu_id": 2,
            "jurusan_id": 6,
            "created_at": "2025-01-01T14:45:12"
        },
        {
            "id": 24,
            "nisn": 9173633984,
            "nik": 3164458653715268,
            "tempat_lahir": "Moranview",
            "tanggal_lahir": "2006-06-11",
            "jenis_kelamin": true,
            "agama": "Kristen",
            "alamat_lengkap": "071 Mcclain Circles\nBrandyport, WV 46711",
            "no_telepon": "(593)759-5635x5842",
            "asal_sekolah": "Miller-Lopez",
            "ortu_id": 7,
            "jurusan_id": 5,
            "created_at": "2025-01-05T20:13:32"
        },
        {
            "id": 25,
            "nisn": 5907446092,
            "nik": 3722643437747197,
            "tempat_lahir": "West Michaelstad",
            "tanggal_lahir": "2009-04-04",
            "jenis_kelamin": true,
            "agama": "Buddha",
            "alamat_lengkap": "9061 Price Ford Apt. 937\nHuntshire, MI 05845",
            "no_telepon": "019-050-2732x33998",
            "asal_sekolah": "Cuevas Group",
            "ortu_id": 14,
            "jurusan_id": 9,
            "created_at": "2025-01-01T20:39:02"
        },
        {
            "id": 26,
            "nisn": 3822926812,
            "nik": 8502592340506876,
            "tempat_lahir": "Rhodeston",
            "tanggal_lahir": "2010-05-25",
            "jenis_kelamin": true,
            "agama": "Hindu",
            "alamat_lengkap": "955 Jared Walk Suite 127\nLake Wanda, DC 67095",
            "no_telepon": "1104139533",
            "asal_sekolah": "Henry-Hartman",
            "ortu_id": 13,
            "jurusan_id": 10,
            "created_at": "2025-01-02T08:14:19"
        },
        {
            "id": 27,
            "nisn": 5755724910,
            "nik": 9941045321599870,
            "tempat_lahir": "Paulland",
            "tanggal_lahir": "2010-10-14",
            "jenis_kelamin": false,
            "agama": "Islam",
            "alamat_lengkap": "56979 Williams Roads Apt. 234\nGreenside, IA 42761",
            "no_telepon": "+1-991-802-5914x87553",
            "asal_sekolah": "Holmes-Franco",
            "ortu_id": 11,
            "jurusan_id": 2,
            "created_at": "2025-01-04T15:55:18"
        },
        {
            "id": 28,
            "nisn": 9303230253,
            "nik": 4203659121105224,
            "tempat_lahir": "East Sarah",
            "tanggal_lahir": "2010-03-17",
            "jenis_kelamin": false,
            "agama": "Islam",
            "alamat_lengkap": "735 David Inlet Apt. 381\nLake Christine, MD 12379",
            "no_telepon": "425-653-4058x775",
            "asal_sekolah": "Costa, Patterson and Huff",
            "ortu_id": 8,
            "jurusan_id": 7,
            "created_at": "2025-01-04T19:52:03"
        },
        {
            "id": 29,
            "nisn": 4028027964,
            "nik": 8155942661656257,
            "tempat_lahir": "Katherineborough",
            "tanggal_lahir": "2011-03-13",
            "jenis_kelamin": true,
            "agama": "Katolik",
            "alamat_lengkap": "Unit 7038 Box 7642\nDPO AE 39158",
            "no_telepon": "+1-489-070-9234x468",
            "asal_sekolah": "Bennett Ltd",
            "ortu_id": 4,
            "jurusan_id": 5,
            "created_at": "2025-01-03T22:11:47"
        },
        {
            "id": 30,
            "nisn": 2613914555,
            "nik": 1569984325220168,
            "tempat_lahir": "Potterland",
            "tanggal_lahir": "2008-10-16",
            "jenis_kelamin": true,
            "agama": "Katolik",
            "alamat_lengkap": "USS Oconnell\nFPO AE 68193",
            "no_telepon": "001-614-822-8979",
            "asal_sekolah": "Wu-Davis",
            "ortu_id": 12,
            "jurusan_id": 1,
            "created_at": "2025-01-02T07:06:44"
        },
        {
            "id": 31,
            "nisn": 6503214254,
            "nik": 4808730412155006,
            "tempat_lahir": "East Alfredton",
            "tanggal_lahir": "2010-01-15",
            "jenis_kelamin": true,
            "agama": "Konghucu",
            "alamat_lengkap": "837 Brooks Island Apt. 374\nCharlesland, NC 05595",
            "no_telepon": "(217)860-2732x354",
            "asal_sekolah": "Roberts and Sons",
            "ortu_id": 14,
            "jurusan_id": 6,
            "created_at": "2025-01-03T11:20:10"
        },
        {
            "id": 32,
            "nisn": 5179507271,
            "nik": 3054079961445348,
            "tempat_lahir": "Meyertown",
            "tanggal_lahir": "2009-01-04",
            "jenis_kelamin": false,
            "agama": "Islam",
            "alamat_lengkap": "55702 Antonio Groves Apt. 988\nNorth Kenneth, HI 74762",
            "no_telepon": "488.549.5079x0343",
            "asal_sekolah": "Hill, Williams and Phillips",
            "ortu_id": 15,
            "jurusan_id": 3,
            "created_at": "2025-01-04T14:58:21"
        },
        {
            "id": 33,
            "nisn": 1881013152,
            "nik": 7677299517721737,
            "tempat_lahir": "Stuartshire",
            "tanggal_lahir": "2014-05-09",
            "jenis_kelamin": true,
            "agama": "Konghucu",
            "alamat_lengkap": "377 Kevin Wall\nAndersonside, NY 32680",
            "no_telepon": "185.888.9848",
            "asal_sekolah": "Hayes-Johns",
            "ortu_id": 10,
            "jurusan_id": 7,
            "created_at": "2025-01-03T01:25:35"
        },
        {
            "id": 34,
            "nisn": 5283183864,
            "nik": 8553174918099329,
            "tempat_lahir": "Adamburgh",
            "tanggal_lahir": "2010-05-16",
            "jenis_kelamin": true,
            "agama": "Kristen",
            "alamat_lengkap": "Unit 4025 Box 6871\nDPO AA 30377",
            "no_telepon": "001-451-276-0421x940",
            "asal_sekolah": "Clark, Shelton and Rogers",
            "ortu_id": 9,
            "jurusan_id": 10,
            "created_at": "2025-01-06T03:37:57"
        },
        {
            "id": 35,
            "nisn": 8692120617,
            "nik": 4235810403131328,
            "tempat_lahir": "East Mckenzietown",
            "tanggal_lahir": "2013-01-29",
            "jenis_kelamin": true,
            "agama": "Buddha",
            "alamat_lengkap": "45596 Everett Turnpike\nJohnsonside, HI 04142",
            "no_telepon": "(240)751-5022",
            "asal_sekolah": "Payne-Caldwell",
            "ortu_id": 15,
            "jurusan_id": 5,
            "created_at": "2025-01-03T10:27:55"
        },
        {
            "id": 36,
            "nisn": 6715166723,
            "nik": 2774875909713478,
            "tempat_lahir": "Lake Gail",
            "tanggal_lahir": "2010-09-26",
            "jenis_kelamin": true,
            "agama": "Katolik",
            "alamat_lengkap": "4092 Chad Bypass\nNew Jacqueline, RI 13482",
            "no_telepon": "(708)257-8671x966",
            "asal_sekolah": "Bennett, Davenport and Waters",
            "ortu_id": 9,
            "jurusan_id": 1,
            "created_at": "2025-01-05T18:16:18"
        },
        {
            "id": 37,
            "nisn": 6472093112,
            "nik": 9315832207927361,
            "tempat_lahir": "Lisamouth",
            "tanggal_lahir": "2008-08-05",
            "jenis_kelamin": true,
            "agama": "Katolik",
            "alamat_lengkap": "421 Derrick Springs Apt. 259\nAngelaland, IA 75445",
            "no_telepon": "746.468.3393x7769",
            "asal_sekolah": "Cunningham, Wilson and Duncan",
            "ortu_id": 11,
            "jurusan_id": 9,
            "created_at": "2025-01-01T18:41:06"
        },
        {
            "id": 38,
            "nisn": 7357992569,
            "nik": 3101263469948075,
            "tempat_lahir": "East Ryanville",
            "tanggal_lahir": "2010-07-15",
            "jenis_kelamin": true,
            "agama": "Islam",
            "alamat_lengkap": "7916 Spencer Falls\nSouth James, MD 34507",
            "no_telepon": "2413056325",
            "asal_sekolah": "Brown Ltd",
            "ortu_id": 3,
            "jurusan_id": 1,
            "created_at": "2025-01-05T08:03:50"
        },
        {
            "id": 39,
            "nisn": 7708823781,
            "nik": 3498809999727605,
            "tempat_lahir": "Lake Steven",
            "tanggal_lahir": "2018-04-18",
            "jenis_kelamin": false,
            "agama": "Buddha",
            "alamat_lengkap": "0910 Johnston Land Suite 096\nGarciafurt, TN 07111",
            "no_telepon": "030-424-1011x88848",
            "asal_sekolah": "Downs-Santos",
            "ortu_id": 15,
            "jurusan_id": 3,
            "created_at": "2025-01-05T03:55:02"
        },
        {
            "id": 40,
            "nisn": 7151490508,
            "nik": 3683016305071107,
            "tempat_lahir": "Port Lauren",
            "tanggal_lahir": "2011-07-06",
            "jenis_kelamin": true,
            "agama": "Katolik",
            "alamat_lengkap": "008 Hughes Cape Apt. 922\nBrandonbury, IL 62189",
            "no_telepon": "+1-387-709-8648x6674",
            "asal_sekolah": "Francis and Sons",
            "ortu_id": 8,
            "jurusan_id": 2,
            "created_at": "2025-01-01T07:20:27"
        },
        {
            "id": 41,
            "nisn": 6747268709,
            "nik": 4539944267796169,
            "tempat_lahir": "West Carmenfurt",
            "tanggal_lahir": "2008-07-11",
            "jenis_kelamin": false,
            "agama": "Konghucu",
            "alamat_lengkap": "3124 Lara Pike\nSouth Amymouth, MS 83361",
            "no_telepon": "042-252-5562x087",
            "asal_sekolah": "Jones, Graham and Parker",
            "ortu_id": 14,
            "jurusan_id": 7,
            "created_at": "2025-01-01T13:54:58"
        },
        {
            "id": 42,
            "nisn": 5304218816,
            "nik": 3699938928503502,
            "tempat_lahir": "Melaniemouth",
            "tanggal_lahir": "2015-02-21",
            "jenis_kelamin": true,
            "agama": "Buddha",
            "alamat_lengkap": "03343 Kari Wall Apt. 582\nHarrellmouth, MT 26613",
            "no_telepon": "(197)903-5978x0616",
            "asal_sekolah": "Anderson Ltd",
            "ortu_id": 5,
            "jurusan_id": 1,
            "created_at": "2025-01-01T04:08:33"
        },
        {
            "id": 43,
            "nisn": 1733692181,
            "nik": 4946261113406956,
            "tempat_lahir": "Henrymouth",
            "tanggal_lahir": "2018-03-31",
            "jenis_kelamin": true,
            "agama": "Kristen",
            "alamat_lengkap": "PSC 8047, Box 0072\nAPO AE 68686",
            "no_telepon": "887.828.5692x283",
            "asal_sekolah": "Hall-Simmons",
            "ortu_id": 5,
            "jurusan_id": 1,
            "created_at": "2025-01-03T23:56:17"
        },
        {
            "id": 44,
            "nisn": 1052481139,
            "nik": 9144583410338149,
            "tempat_lahir": "Josephhaven",
            "tanggal_lahir": "2017-03-19",
            "jenis_kelamin": false,
            "agama": "Buddha",
            "alamat_lengkap": "16218 Charles Mountain Suite 779\nSamanthaland, OR 47170",
            "no_telepon": "001-773-207-6712x0330",
            "asal_sekolah": "Martinez, Jones and Duke",
            "ortu_id": 7,
            "jurusan_id": 7,
            "created_at": "2025-01-04T02:12:19"
        },
        {
            "id": 45,
            "nisn": 4960838335,
            "nik": 5319395415021838,
            "tempat_lahir": "Stephensport",
            "tanggal_lahir": "2006-09-04",
            "jenis_kelamin": false,
            "agama": "Katolik",
            "alamat_lengkap": "4504 Jacob Prairie\nBenjaminfurt, MS 89635",
            "no_telepon": "001-463-768-3255x1820",
            "asal_sekolah": "Wheeler LLC",
            "ortu_id": 2,
            "jurusan_id": 6,
            "created_at": "2025-01-03T00:20:55"
        },
        {
            "id": 46,
            "nisn": 5475246967,
            "nik": 7516668164294862,
            "tempat_lahir": "Davisberg",
            "tanggal_lahir": "2010-05-13",
            "jenis_kelamin": true,
            "agama": "Konghucu",
            "alamat_lengkap": "26807 Lee Stravenue\nEast Barbaratown, KS 85570",
            "no_telepon": "+1-730-131-0494x50254",
            "asal_sekolah": "Sharp, Hall and Maldonado",
            "ortu_id": 8,
            "jurusan_id": 1,
            "created_at": "2025-01-04T03:22:25"
        },
        {
            "id": 47,
            "nisn": 4596481881,
            "nik": 5624795814225040,
            "tempat_lahir": "Davidmouth",
            "tanggal_lahir": "2014-01-31",
            "jenis_kelamin": true,
            "agama": "Buddha",
            "alamat_lengkap": "2941 Walton Prairie Suite 907\nRobertville, NY 63717",
            "no_telepon": "+1-234-774-5483x3331",
            "asal_sekolah": "Kelly-Bowen",
            "ortu_id": 10,
            "jurusan_id": 8,
            "created_at": "2025-01-05T15:32:05"
        },
        {
            "id": 48,
            "nisn": 9005380481,
            "nik": 7176613468331167,
            "tempat_lahir": "New Richardfort",
            "tanggal_lahir": "2009-01-28",
            "jenis_kelamin": true,
            "agama": "Katolik",
            "alamat_lengkap": "068 Tapia Crescent Apt. 452\nWest Saramouth, HI 21948",
            "no_telepon": "629-906-4937",
            "asal_sekolah": "Rodriguez, Lopez and Rodriguez",
            "ortu_id": 12,
            "jurusan_id": 6,
            "created_at": "2025-01-05T21:13:00"
        },
        {
            "id": 49,
            "nisn": 7187389731,
            "nik": 1442062409506752,
            "tempat_lahir": "Patrickburgh",
            "tanggal_lahir": "2015-10-25",
            "jenis_kelamin": false,
            "agama": "Buddha",
            "alamat_lengkap": "532 Rogers Hill Apt. 488\nSouth Joshua, DC 96222",
            "no_telepon": "074.718.6377x72416",
            "asal_sekolah": "Carpenter, Evans and Hoffman",
            "ortu_id": 7,
            "jurusan_id": 1,
            "created_at": "2025-01-04T17:54:25"
        },
        {
            "id": 50,
            "nisn": 6002621879,
            "nik": 3453729701143494,
            "tempat_lahir": "North Wandaville",
            "tanggal_lahir": "2015-08-18",
            "jenis_kelamin": false,
            "agama": "Katolik",
            "alamat_lengkap": "Unit 1729 Box 7053\nDPO AE 75022",
            "no_telepon": "612.172.0948x2946",
            "asal_sekolah": "Jackson-Downs",
            "ortu_id": 2,
            "jurusan_id": 4,
            "created_at": "2025-01-05T23:45:30"
        }
    ]
}